Date,Day of Month,Goal,Funds Raised
5/1/2022,1,4375,131
5/2/2022,2,4375,263
5/3/2022,3,4375,569
5/4/2022,4,4375,656
5/5/2022,5,4375,831
5/6/2022,6,4375,831
5/7/2022,7,4375,1094
5/8/2022,8,4375,1094
5/9/2022,9,4375,1225
5/10/2022,10,4375,1313
5/11/2022,11,4375,1400
5/12/2022,12,4375,1531
5/13/2022,13,4375,1575
5/14/2022,14,4375,1663
5/15/2022,15,4375,1706
5/16/2022,16,4375,1794
5/17/2022,17,4375,1881
5/18/2022,18,4375,1925
5/19/2022,19,4375,2013
5/20/2022,20,4375,2100
5/21/2022,21,4375,2188
5/22/2022,22,4375,2319
5/23/2022,23,4375,2363
5/24/2022,24,4375,2406
5/25/2022,25,4375,2581
5/26/2022,26,4375,2800
5/27/2022,27,4375,3456
5/28/2022,28,4375,3544
5/29/2022,29,4375,3631
5/30/2022,30,4375,3763
6/1/2022,0,4375,0
6/1/2022,1,4375,131
6/2/2022,2,4375,219
6/3/2022,3,4375,394
6/4/2022,4,4375,438
6/5/2022,5,4375,525
6/6/2022,6,4375,656
6/7/2022,7,4375,700
6/8/2022,8,4375,788
6/9/2022,9,4375,831
6/10/2022,10,4375,963
6/11/2022,11,4375,1006
6/12/2022,12,4375,1094
6/13/2022,13,4375,1138
6/14/2022,14,4375,1225
6/15/2022,15,4375,1356
6/16/2022,16,4375,1400
6/17/2022,17,4375,1488
6/18/2022,18,4375,1531
6/19/2022,19,4375,1619
6/20/2022,20,4375,1706
6/21/2022,21,4375,1750
6/22/2022,22,4375,1794
6/23/2022,23,4375,1881
6/24/2022,24,4375,1925
6/25/2022,25,4375,2100
6/26/2022,26,4375,2275
6/27/2022,27,4375,2406
6/28/2022,28,4375,2625
6/29/2022,29,4375,3238
7/1/2022,0,4375,88
7/1/2022,1,4375,175
7/2/2022,2,4375,306
7/3/2022,3,4375,394
7/4/2022,4,4375,438
7/5/2022,5,4375,525
7/6/2022,6,4375,613
7/7/2022,7,4375,700
7/8/2022,8,4375,700
7/9/2022,9,4375,744
7/10/2022,10,4375,744
7/11/2022,11,4375,875
7/12/2022,12,4375,963
7/13/2022,13,4375,1094
7/14/2022,14,4375,1181
7/15/2022,15,4375,1225
7/16/2022,16,4375,1313
7/17/2022,17,4375,1400
7/18/2022,18,4375,1444
7/19/2022,19,4375,1531
7/20/2022,20,4375,1663
7/21/2022,21,4375,1706
7/22/2022,22,4375,1794
7/23/2022,23,4375,1838
7/24/2022,24,4375,1925
7/25/2022,25,4375,2100
7/26/2022,26,4375,2231
7/27/2022,27,4375,2363
7/28/2022,28,4375,2406
7/29/2022,29,4375,2975
7/30/2022,30,4375,3106
8/1/2022,0,4375,88
8/1/2022,1,4375,219
8/2/2022,2,4375,306
8/3/2022,3,4375,394
8/4/2022,4,4375,438
8/5/2022,5,4375,525
8/6/2022,6,4375,613
8/7/2022,7,4375,700
8/8/2022,8,4375,744
8/9/2022,9,4375,831
8/10/2022,10,4375,875
8/11/2022,11,4375,1006
8/12/2022,12,4375,1138
8/13/2022,13,4375,1225
8/14/2022,14,4375,1313
8/15/2022,15,4375,1313
8/16/2022,16,4375,1488
8/17/2022,17,4375,1531
8/18/2022,18,4375,1619
8/19/2022,19,4375,1750
8/20/2022,20,4375,1794
8/21/2022,21,4375,2231
8/22/2022,22,4375,2363
8/23/2022,23,4375,2581
8/24/2022,24,4375,3150
8/25/2022,25,4375,3456
8/26/2022,26,4375,3675
8/27/2022,27,4375,3894
8/28/2022,28,4375,4156
8/29/2022,29,4375,4331
8/30/2022,30,4375,4900
8/31/2022,31,4375,4970
9/1/2022,0,7215,144
9/1/2022,1,7215,361
9/2/2022,2,7215,505
9/3/2022,3,7215,577
9/4/2022,4,7215,722
9/5/2022,5,7215,794
9/6/2022,6,7215,1010
9/7/2022,7,7215,1082
9/8/2022,8,7215,1154
9/9/2022,9,7215,1299
9/10/2022,10,7215,1371
9/11/2022,11,7215,1443
9/12/2022,12,7215,1659
9/13/2022,13,7215,1804
9/14/2022,14,7215,1876
9/15/2022,15,7215,1876
9/16/2022,16,7215,2237
9/17/2022,17,7215,2597
9/18/2022,18,7215,2742
9/19/2022,19,7215,3030
9/20/2022,20,7215,3319
9/21/2022,21,7215,3463
9/22/2022,22,7215,3608
9/23/2022,23,7215,4040
9/24/2022,24,7215,4473
9/25/2022,25,7215,4978
9/26/2022,26,7215,5411
9/27/2022,27,7215,5988
9/28/2022,28,7215,6782
9/29/2022,29,7215,7071
9/30/2022,30,7215,7504
10/1/2022,0,7215,433
10/1/2022,1,7215,649
10/2/2022,2,7215,722
10/3/2022,3,7215,794
10/4/2022,4,7215,866
10/5/2022,5,7215,938
10/6/2022,6,7215,1082
10/7/2022,7,7215,1227
10/8/2022,8,7215,1227
10/9/2022,9,7215,1299
10/10/2022,10,7215,1371
10/11/2022,11,7215,1443
10/12/2022,12,7215,1659
10/13/2022,13,7215,1659
10/14/2022,14,7215,1804
10/15/2022,15,7215,1876
10/16/2022,16,7215,2020
10/17/2022,17,7215,2092
10/18/2022,18,7215,2165
10/19/2022,19,7215,2237
10/20/2022,20,7215,2237
10/21/2022,21,7215,2309
10/22/2022,22,7215,2381
10/23/2022,23,7215,2525
10/24/2022,24,7215,2597
10/25/2022,25,7215,2814
10/26/2022,26,7215,2958
10/27/2022,27,7215,3463
10/28/2022,28,7215,3968
10/29/2022,29,7215,4473
10/30/2022,30,7215,4690
11/1/2022,0,7215,216
11/1/2022,1,7215,649
11/2/2022,2,7215,1082
11/3/2022,3,7215,1299
11/4/2022,4,7215,1659
11/5/2022,5,7215,2309
11/6/2022,6,7215,3175
11/7/2022,7,7215,4185
11/8/2022,8,7215,4618
11/9/2022,9,7215,4762
11/10/2022,10,7215,5051
11/11/2022,11,7215,5700
11/12/2022,12,7215,6205
11/13/2022,13,7215,6566
11/14/2022,14,7215,6854
11/15/2022,15,7215,7071
11/16/2022,16,7215,7359
11/17/2022,17,7215,7576
11/18/2022,18,7215,9019
11/19/2022,19,7215,9380
11/20/2022,20,7215,9885
11/21/2022,21,7215,10029
11/22/2022,22,7215,10173
11/23/2022,23,7215,10390
11/24/2022,24,7215,10462
11/25/2022,25,7215,10606
11/26/2022,26,7215,10750
11/27/2022,27,7215,10967
11/28/2022,28,7215,11111
11/29/2022,29,7215,11183
12/1/2022,0,7215,72
12/1/2022,1,7215,216
12/2/2022,2,7215,361
12/3/2022,3,7215,433
12/4/2022,4,7215,505
12/5/2022,5,7215,577
12/6/2022,6,7215,722
12/7/2022,7,7215,866
12/8/2022,8,7215,938
12/9/2022,9,7215,938
12/10/2022,10,7215,1082
12/11/2022,11,7215,1299
12/12/2022,12,7215,1587
12/13/2022,13,7215,2020
12/14/2022,14,7215,2165
12/15/2022,15,7215,2381
12/16/2022,16,7215,2742
12/17/2022,17,7215,2742
12/18/2022,18,7215,3030
12/19/2022,19,7215,3247
12/20/2022,20,7215,3391
12/21/2022,21,7215,3463
12/22/2022,22,7215,3535
12/23/2022,23,7215,3680
12/24/2022,24,7215,3824
12/25/2022,25,7215,3968
12/26/2022,26,7215,4113
12/27/2022,27,7215,4329
12/28/2022,28,7215,5195
12/29/2022,29,7215,5483
12/30/2022,30,7215,5628
1/1/2023,0,7215,72
1/1/2023,1,7215,216
1/2/2023,2,7215,361
1/3/2023,3,7215,433
1/4/2023,4,7215,505
1/5/2023,5,7215,649
1/6/2023,6,4943,741
1/7/2023,7,4943,840
1/8/2023,8,4943,939
1/9/2023,9,4943,989
1/10/2023,10,4943,1137
1/11/2023,11,4943,1285
1/12/2023,12,4943,1433
1/13/2023,13,4943,1483
1/14/2023,14,4943,1582
1/15/2023,15,4943,1681
1/16/2023,16,4943,1779
1/17/2023,17,4943,1829
1/18/2023,18,4943,1878
1/19/2023,19,4943,2224
1/20/2023,20,4943,2323
1/21/2023,21,4943,2422
1/22/2023,22,4943,2472
1/23/2023,23,4943,2768
1/24/2023,24,4943,2916
1/25/2023,25,4943,3114
1/26/2023,26,4943,3213
1/27/2023,27,4943,3856
1/28/2023,28,4943,3954
1/29/2023,29,4943,4103
1/30/2023,30,4943,4202
2/1/2023,0,4943,297
2/1/2023,1,4943,395
2/2/2023,2,4943,544
2/3/2023,3,4943,593
2/4/2023,4,4943,643
2/5/2023,5,4943,791
2/6/2023,6,4943,890
2/7/2023,7,4943,989
2/8/2023,8,4943,1087
2/9/2023,9,4943,1137
2/10/2023,10,4943,1285
2/11/2023,11,4943,1384
2/12/2023,12,4943,1483
2/13/2023,13,4943,1631
2/14/2023,14,4943,1730
2/15/2023,15,4943,1779
2/16/2023,16,4943,1878
2/17/2023,17,4943,1878
2/18/2023,18,4943,1928
2/19/2023,19,4943,2125
2/20/2023,20,4943,2224
2/21/2023,21,4943,2323
2/22/2023,22,4943,2373
2/23/2023,23,4943,2472
2/24/2023,24,4943,2620
2/25/2023,25,4943,2719
2/26/2023,26,4943,2867
2/27/2023,27,4943,3707
3/1/2023,0,4943,297
3/1/2023,1,4943,395
3/2/2023,2,4943,494
3/3/2023,3,4943,544
3/4/2023,4,4943,643
3/5/2023,5,4943,741
3/6/2023,6,4943,791
3/7/2023,7,4943,840
3/8/2023,8,4943,890
3/9/2023,9,4943,989
3/10/2023,10,4943,1137
3/11/2023,11,4943,1236
3/12/2023,12,4943,1384
3/13/2023,13,4943,1433
3/14/2023,14,4943,1532
3/15/2023,15,4943,1532
3/16/2023,16,4943,1631
3/17/2023,17,4943,1681
3/18/2023,18,4943,1779
3/19/2023,19,4943,1928
3/20/2023,20,4943,2125
3/21/2023,21,4943,2175
3/22/2023,22,4943,2274
3/23/2023,23,4943,2323
3/24/2023,24,4943,2422
3/25/2023,25,4943,2669
3/26/2023,26,4943,2916
3/27/2023,27,4943,3015
3/28/2023,28,4943,3114
3/29/2023,29,4943,3460
3/30/2023,30,4943,3559
4/1/2023,0,4943,544
4/1/2023,1,4943,692
4/2/2023,2,4943,791
4/3/2023,3,4943,840
4/4/2023,4,4943,939
4/5/2023,5,4943,1137
4/6/2023,6,4943,1137
4/7/2023,7,4943,1236
4/8/2023,8,4943,1335
4/9/2023,9,4943,1433
4/10/2023,10,4943,1582
4/11/2023,11,4943,1730
4/12/2023,12,4943,1878
4/13/2023,13,4943,1977
4/14/2023,14,4943,2027
4/15/2023,15,4943,2076
4/16/2023,16,4943,2175
4/17/2023,17,4943,2224
4/18/2023,18,4943,2867
4/19/2023,19,4943,3213
4/20/2023,20,4943,3361
4/21/2023,21,4943,3460
4/22/2023,22,4943,3460
4/23/2023,23,4943,3559
4/24/2023,24,4943,3608
4/25/2023,25,4943,3757
4/26/2023,26,4943,3905
4/27/2023,27,4943,4004
4/28/2023,28,4943,4053
4/29/2023,29,4943,4152
5/1/2023,0,4943,99
5/1/2023,1,4943,198
5/2/2023,2,4943,346
5/3/2023,3,4943,445
5/4/2023,4,4943,544
5/5/2023,5,4943,643
5/6/2023,6,4943,692
5/7/2023,7,4943,840
5/8/2023,8,4943,989
5/9/2023,9,4943,1038
5/10/2023,10,4943,1186
5/11/2023,11,4943,1236
5/12/2023,12,4943,1335
5/13/2023,13,4943,1384
5/14/2023,14,4943,1483
5/15/2023,15,4943,1483
5/16/2023,16,4943,1582
5/17/2023,17,4943,1631
5/18/2023,18,4943,1779
5/19/2023,19,4943,1928
5/20/2023,20,4943,1977
5/21/2023,21,4943,2027
5/22/2023,22,4943,2125
5/23/2023,23,4943,2125
5/24/2023,24,4943,2274
5/25/2023,25,4943,2373
5/26/2023,26,4943,2472
5/27/2023,27,4943,2521
5/28/2023,28,4943,2669
5/29/2023,29,4943,2768
5/30/2023,30,4943,2867
6/1/2023,0,4943,49
6/1/2023,1,4943,148
6/2/2023,2,4943,247
6/3/2023,3,4943,297
6/4/2023,4,4943,346
6/5/2023,5,4943,346
6/6/2023,6,4943,544
6/7/2023,7,4943,692
6/8/2023,8,4943,939
6/9/2023,9,4943,1186
6/10/2023,10,4943,1532
6/11/2023,11,4943,1779
6/12/2023,12,4943,1977
6/13/2023,13,4943,2274
6/14/2023,14,4943,2521
6/15/2023,15,4943,2620
6/16/2023,16,4943,2818
6/17/2023,17,4943,2916
6/18/2023,18,4943,3164
6/19/2023,19,4943,3361
6/20/2023,20,4943,3510
6/21/2023,21,4943,3559
6/22/2023,22,4943,3608
6/23/2023,23,4943,3757
6/24/2023,24,4943,3905
6/25/2023,25,4943,4053
6/26/2023,26,4943,4202
6/27/2023,27,4943,4300
6/28/2023,28,4943,4449
6/29/2023,29,4943,4992
6/30/2023,30,4943,5190
7/1/2023,0,4943,148
7/1/2023,1,4943,297
7/2/2023,2,4943,741
7/3/2023,3,4943,1038
7/4/2023,4,4943,1186
7/5/2023,5,4943,1433
7/6/2023,6,4943,1582
7/7/2023,7,4943,1730
7/8/2023,8,4943,1878
7/9/2023,9,4943,1878
7/10/2023,10,4943,2027
7/11/2023,11,4943,2620
7/12/2023,12,4943,2768
7/13/2023,13,4943,2867
7/14/2023,14,4943,2966
7/15/2023,15,4943,3114
7/16/2023,16,4943,3213
7/17/2023,17,4943,3312
7/18/2023,18,4943,3510
7/19/2023,19,4943,3608
7/20/2023,20,4943,3806
7/21/2023,21,4943,4053
7/22/2023,22,4943,4152
7/23/2023,23,4943,4300
7/24/2023,24,4943,4548
7/25/2023,25,4943,4745
7/26/2023,26,4943,4844
7/27/2023,27,4943,4992
7/28/2023,28,4943,5091
7/29/2023,29,4943,5190
7/30/2023,30,4943,5289
8/1/2023,0,4943,99
8/1/2023,1,4943,198
8/2/2023,2,4943,395
8/3/2023,3,4943,494
8/4/2023,4,4943,692
8/5/2023,5,4943,791
8/6/2023,6,4943,840
8/7/2023,7,4943,939
8/8/2023,8,4943,1038
8/9/2023,9,4943,1087
8/10/2023,10,4943,1137
8/11/2023,11,4943,1236
8/12/2023,12,4943,1285
8/13/2023,13,4943,1384
8/14/2023,14,4943,1433
8/15/2023,15,4943,1483
8/16/2023,16,4943,1582
8/17/2023,17,4943,1681
8/18/2023,18,4943,1829
8/19/2023,19,4943,1977
8/20/2023,20,4943,2027
8/21/2023,21,4943,2027
8/22/2023,22,4943,2076
8/23/2023,23,4943,2274
8/24/2023,24,4943,2373
8/25/2023,25,4943,2472
8/26/2023,26,4943,2570
8/27/2023,27,4943,2620
8/28/2023,28,4943,2768
8/29/2023,29,4943,2966
8/30/2023,30,4943,3164
9/1/2023,0,4943,692
9/1/2023,1,4943,840
9/2/2023,2,4943,939
9/3/2023,3,4943,1038
9/4/2023,4,4943,1137
9/5/2023,5,4943,1236
9/6/2023,6,4943,1285
9/7/2023,7,4943,1433
9/8/2023,8,4943,1433
9/9/2023,9,4943,1532
9/10/2023,10,4943,1582
9/11/2023,11,4943,1582
9/12/2023,12,4943,1730
9/13/2023,13,4943,1779
9/14/2023,14,4943,1928
9/15/2023,15,4943,1928
9/16/2023,16,4943,2027
9/17/2023,17,4943,2076
9/18/2023,18,4943,2274
9/19/2023,19,4943,2373
9/20/2023,20,4943,2472
9/21/2023,21,4943,2669
9/22/2023,22,4943,2818
9/23/2023,23,4943,3065
9/24/2023,24,4943,3164
9/25/2023,25,4943,3262
9/26/2023,26,4943,3361
9/27/2023,27,4943,3460
9/28/2023,28,4943,4103
9/29/2023,29,4943,4251
9/30/2023,30,4943,4498
10/1/2023,0,4943,198
10/1/2023,1,4943,346
10/2/2023,2,4943,445
10/3/2023,3,4943,544
10/4/2023,4,4943,593
10/5/2023,5,4943,741
10/6/2023,6,4943,840
10/7/2023,7,4943,890
10/8/2023,8,4943,939
10/9/2023,9,4943,989
10/10/2023,10,4943,1087
10/11/2023,11,4943,1137
10/12/2023,12,4943,1186
10/13/2023,13,4943,1384
10/14/2023,14,4943,1433
10/15/2023,15,4943,1532
10/16/2023,16,4943,1631
10/17/2023,17,4943,1829
10/18/2023,18,4943,2027
10/19/2023,19,4943,2323
10/20/2023,20,4943,2373
10/21/2023,21,4943,2422
10/22/2023,22,4943,2521
10/23/2023,23,4943,2521
10/24/2023,24,4943,2620
10/25/2023,25,4943,2719
10/26/2023,26,4943,2768
10/27/2023,27,4943,2867
10/28/2023,28,4943,2916
10/29/2023,29,4943,3015
10/30/2023,30,4943,3164
11/1/2023,0,4943,544
11/1/2023,1,4943,593
11/2/2023,2,4943,593
11/3/2023,3,25000,2750
11/4/2023,4,25000,5750
11/5/2023,5,25000,7250
11/6/2023,6,25000,8500
11/7/2023,7,25000,9000
11/8/2023,8,25000,9500
11/9/2023,9,25000,10750
11/10/2023,10,25000,12000
11/11/2023,11,25000,13000
11/12/2023,12,25000,13250
11/13/2023,13,25000,13750
11/14/2023,14,25000,14250
11/15/2023,15,25000,14500
11/16/2023,16,25000,14750
11/17/2023,17,25000,15250
11/18/2023,18,25000,15250
11/19/2023,19,25000,15500
11/20/2023,20,25000,15750
11/21/2023,21,25000,15750
11/22/2023,22,25000,16000
11/23/2023,23,25000,16000
11/24/2023,24,25000,16500
11/25/2023,25,25000,16750
11/26/2023,26,25000,16750
11/27/2023,27,25000,17500
11/28/2023,28,25000,18250
11/29/2023,29,25000,18500
12/1/2023,0,25000,18750
12/1/2023,1,25000,19250
12/2/2023,2,25000,19250
12/3/2023,3,25000,19750
12/4/2023,4,25000,20000
12/5/2023,5,25000,20500
12/6/2023,6,25000,20750
12/7/2023,7,25000,20750
12/8/2023,8,25000,21000
12/9/2023,9,25000,21500
12/10/2023,10,25000,21750
12/11/2023,11,25000,22250
12/12/2023,12,25000,22750
12/13/2023,13,25000,22750
12/14/2023,14,25000,23000
12/15/2023,15,25000,23250
12/16/2023,16,25000,23250
12/17/2023,17,25000,23500
12/18/2023,18,25000,24000
12/19/2023,19,25000,24500
12/20/2023,20,25000,25000
12/21/2023,21,25000,25000
12/22/2023,22,25000,25500
12/23/2023,23,25000,25750
12/24/2023,24,25000,25750
12/25/2023,25,25000,26000
12/26/2023,26,25000,26000
12/27/2023,27,25000,26250
12/28/2023,28,25000,26500
12/29/2023,29,25000,26500
12/30/2023,30,25000,26750
1/1/2024,0,5000,100
1/1/2024,1,5000,300
1/2/2024,2,5000,500
1/3/2024,3,5000,600
1/4/2024,4,5000,750
1/5/2024,5,5000,1000
1/6/2024,6,5000,1100
1/7/2024,7,5000,1200
1/8/2024,8,5000,1300
1/9/2024,9,5000,1400
1/10/2024,10,5000,1500
1/11/2024,11,5000,1550
1/12/2024,12,5000,1550
1/13/2024,13,5000,1700
1/14/2024,14,5000,1800
1/15/2024,15,5000,1900
1/16/2024,16,5000,2000
1/17/2024,17,5000,2200
1/18/2024,18,5000,2350
1/19/2024,19,5000,2600
1/20/2024,20,5000,2650
1/21/2024,21,5000,2700
1/22/2024,22,5000,2800
1/23/2024,23,5000,2900
1/24/2024,24,5000,3050
1/25/2024,25,5000,3150
1/26/2024,26,5000,3250
1/27/2024,27,5000,3350
1/28/2024,28,5000,3500
1/29/2024,29,5000,3700
1/30/2024,30,5000,3850
1/31/2024,31,5000,4079
2/1/2024,0,5000,300
2/1/2024,1,5000,450
2/2/2024,2,5000,600
2/3/2024,3,5000,750
2/4/2024,4,5000,900
2/5/2024,5,5000,1050
2/6/2024,6,5000,1250
2/7/2024,7,5000,1400
2/8/2024,8,5000,1450
2/9/2024,9,5000,1550
2/10/2024,10,5000,1600
2/11/2024,11,5000,1700
2/12/2024,12,5000,1750
2/13/2024,13,5000,1800
2/14/2024,14,5000,2200
2/15/2024,15,5000,2300
2/16/2024,16,5000,2450
2/17/2024,17,5000,2700
2/18/2024,18,5000,2850
2/19/2024,19,5000,3000
2/20/2024,20,5000,3150
2/21/2024,21,5000,3250
2/22/2024,22,5000,3400
2/23/2024,23,5000,3550
2/24/2024,24,5000,3800
2/25/2024,25,5000,3950
2/26/2024,26,5000,4600
2/27/2024,27,5000,4900
2/28/2024,28,5000,5400
2/29/2024,29,5000,5586
3/1/2024,0,5000,400
3/1/2024,1,5000,600
3/2/2024,2,5000,750
3/3/2024,3,5000,1000
3/4/2024,4,5000,1100
3/5/2024,5,5000,1400
3/6/2024,6,5000,1650
3/7/2024,7,5000,1950
3/8/2024,8,5000,2050
3/9/2024,9,5000,2150
3/10/2024,10,5000,2250
3/11/2024,11,5000,2350
3/12/2024,12,5000,2400
3/13/2024,13,5000,2600
3/14/2024,14,5000,2750
3/15/2024,15,5000,3350
3/16/2024,16,5000,3700
3/17/2024,17,5000,3950
3/18/2024,18,5000,4200
3/19/2024,19,5000,4450
3/20/2024,20,5000,4550
3/21/2024,21,5000,4650
3/22/2024,22,5000,4750
3/23/2024,23,5000,4850
3/24/2024,24,5000,4950
3/25/2024,25,5000,5100
3/26/2024,26,5000,5450
3/27/2024,27,5000,5500
3/28/2024,28,5000,5600
3/29/2024,29,5000,5750
3/30/2024,30,5000,5950
3/31/2024,31,5000,5628
4/1/2024,0,5000,50
4/1/2024,1,5000,250
4/2/2024,2,5000,400
4/3/2024,3,5000,550
4/4/2024,4,5000,700
4/5/2024,5,5000,800
4/6/2024,6,5000,1000
4/7/2024,7,5000,1050
4/8/2024,8,5000,1250
4/9/2024,9,5000,1250
4/10/2024,10,5000,1350
4/11/2024,11,5000,1450
4/12/2024,12,5000,1500
4/13/2024,13,5000,1750
4/14/2024,14,5000,1800
4/15/2024,15,5000,1900
4/16/2024,16,5000,2000
4/17/2024,17,5000,2400
4/18/2024,18,5000,3300
4/19/2024,19,5000,3850
4/20/2024,20,5000,4150
4/21/2024,21,5000,4350
4/22/2024,22,5000,4500
4/23/2024,23,5000,4600
4/24/2024,24,5000,4750
4/25/2024,25,5000,4900
4/26/2024,26,5000,5000
4/27/2024,27,5000,5150
4/28/2024,28,5000,5250
4/29/2024,29,5000,5300
4/30/2024,30,5000,5516
5/1/2024,0,5000,150
5/1/2024,1,5000,550
5/2/2024,2,5000,650
5/3/2024,3,5000,900
5/4/2024,4,5000,1150
5/5/2024,5,5000,1350
5/6/2024,6,5000,1600
5/7/2024,7,5000,1750
5/8/2024,8,5000,1900
5/9/2024,9,5000,2000
5/10/2024,10,5000,2150
5/11/2024,11,5000,2250
5/12/2024,12,5000,2300
5/13/2024,13,5000,2450
5/14/2024,14,5000,2500
5/15/2024,15,5000,2600
5/16/2024,16,5000,2650
5/17/2024,17,5000,2800
5/18/2024,18,5000,3000
5/19/2024,19,5000,3150
5/20/2024,20,5000,3250
5/21/2024,21,5000,3450
5/22/2024,22,5000,3600
5/23/2024,23,5000,3700
5/24/2024,24,5000,3950
5/25/2024,25,5000,4150
5/26/2024,26,5000,4300
5/27/2024,27,5000,4500
5/28/2024,28,5000,5100
5/29/2024,29,5000,5250
5/30/2024,30,5000,5350
5/31/2024,31,5000,5282
6/1/2024,0,5000,50
6/1/2024,1,5000,150
6/2/2024,2,5000,350
6/3/2024,3,5000,600
6/4/2024,4,5000,750
6/5/2024,5,5000,850
6/6/2024,6,5000,1000
6/7/2024,7,5000,1200
6/8/2024,8,5000,1200
6/9/2024,9,5000,1300
6/10/2024,10,5000,1500
6/11/2024,11,5000,1550
6/12/2024,12,5000,1650
6/13/2024,13,5000,1800
6/14/2024,14,5000,2100
6/15/2024,15,5000,2250
6/16/2024,16,5000,2400
6/17/2024,17,5000,2450
6/18/2024,18,5000,2650
6/19/2024,19,5000,2800
6/20/2024,20,5000,2950
6/21/2024,21,5000,3200
6/22/2024,22,5000,3350
6/23/2024,23,5000,3400
6/24/2024,24,5000,3500
6/25/2024,25,5000,3800
6/26/2024,26,5000,4100
6/27/2024,27,5000,4350
6/28/2024,28,5000,5100
6/29/2024,29,5000,5250
6/30/2024,30,5000,5536
7/1/2024,0,5000,250
7/1/2024,1,5000,500
7/2/2024,2,5000,650
7/3/2024,3,5000,800
7/4/2024,4,5000,900
7/5/2024,5,5000,1100
7/6/2024,6,5000,1300
7/7/2024,7,5000,1400
7/8/2024,8,5000,1450
7/9/2024,9,5000,1600
7/10/2024,10,5000,1650
7/11/2024,11,5000,1700
7/12/2024,12,5000,1900
7/13/2024,13,5000,2100
7/14/2024,14,5000,2150
7/15/2024,15,5000,2300
7/16/2024,16,5000,2400
7/17/2024,17,5000,2500
7/18/2024,18,5000,2800
7/19/2024,19,5000,2950
7/20/2024,20,5000,3000
7/21/2024,21,5000,3100
7/22/2024,22,5000,3100
7/23/2024,23,5000,3200
7/24/2024,24,5000,4050
7/25/2024,25,5000,4350
7/26/2024,26,5000,4600
7/27/2024,27,5000,4700
7/28/2024,28,5000,4850
7/29/2024,29,5000,4950
7/30/2024,30,5000,5200
7/31/2024,31,5000,5059
8/1/2024,0,5000,50
8/1/2024,1,5000,200
8/2/2024,2,5000,350
8/3/2024,3,5000,550
8/4/2024,4,5000,650
8/5/2024,5,5000,850
8/6/2024,6,5000,1000
8/7/2024,7,5000,1100
8/8/2024,8,5000,1200
8/9/2024,9,5000,1350
8/10/2024,10,5000,1400
8/11/2024,11,5000,1600
8/12/2024,12,5000,1650
8/13/2024,13,5000,1850
8/14/2024,14,5000,2050
8/15/2024,15,5000,2450
8/16/2024,16,5000,2600
8/17/2024,17,5000,2700
8/18/2024,18,5000,2850
8/19/2024,19,5000,3050
8/20/2024,20,5000,3100
8/21/2024,21,5000,3150
8/22/2024,22,5000,3250
8/23/2024,23,5000,3350
8/24/2024,24,5000,3450
8/25/2024,25,5000,3550
8/26/2024,26,5000,3850
8/27/2024,27,5000,4100
8/28/2024,28,5000,4250
8/29/2024,29,5000,5550
8/30/2024,30,5000,5650
8/31/2024,31,5000,5997
9/1/2024,0,5000,150
9/1/2024,1,5000,250
9/2/2024,2,5000,350
9/3/2024,3,5000,500
9/4/2024,4,5000,600
9/5/2024,5,5000,750
9/6/2024,6,5000,950
9/7/2024,7,5000,1050
9/8/2024,8,5000,1100
9/9/2024,9,5000,1150
9/10/2024,10,5000,1300
9/11/2024,11,5000,1500
9/12/2024,12,5000,2100
9/13/2024,13,5000,2300
9/14/2024,14,5000,2400
9/15/2024,15,5000,2600
9/16/2024,16,5000,2900
9/17/2024,17,5000,2950
9/18/2024,18,5000,3100
9/19/2024,19,5000,3250
9/20/2024,20,5000,3500
9/21/2024,21,5000,3650
9/22/2024,22,5000,3750
9/23/2024,23,5000,3850
9/24/2024,24,5000,4000
9/25/2024,25,5000,4050
9/26/2024,26,5000,4200
9/27/2024,27,5000,4400
9/28/2024,28,5000,5150
9/29/2024,29,5000,5350
9/30/2024,30,5000,5467
10/1/2024,0,7000,210
10/1/2024,1,7000,280
10/2/2024,2,7000,560
10/3/2024,3,7000,770
10/4/2024,4,7000,910
10/5/2024,5,7000,1050
10/6/2024,6,7000,1120
10/7/2024,7,7000,1260
10/8/2024,8,7000,1330
10/9/2024,9,7000,1400
10/10/2024,10,7000,1610
10/11/2024,11,7000,1960
10/12/2024,12,7000,2030
10/13/2024,13,7000,2170
10/14/2024,14,7000,2310
10/15/2024,15,7000,2380
10/16/2024,16,7000,2730
10/17/2024,17,7000,2940
10/18/2024,18,7000,3360
10/19/2024,19,7000,3500
10/20/2024,20,7000,3780
10/21/2024,21,7000,3990
10/22/2024,22,7000,4060
10/23/2024,23,7000,4200
10/24/2024,24,7000,4760
10/25/2024,25,7000,5320
10/26/2024,26,7000,5810
10/27/2024,27,7000,5880
10/28/2024,28,7000,6020
10/29/2024,29,7000,6160
10/30/2024,30,7000,7000
10/31/2024,31,7000,7226
11/1/2024,0,7000,350
11/1/2024,1,7000,420
11/2/2024,2,7000,560
11/3/2024,3,7000,980
11/4/2024,4,7000,1260
11/5/2024,5,7000,1470
11/6/2024,6,7000,1610
11/7/2024,7,7000,1820
11/8/2024,8,7000,1960
11/9/2024,9,7000,2310
11/10/2024,10,7000,2520
11/11/2024,11,7000,2660
11/12/2024,12,7000,2660
11/13/2024,13,7000,2870
11/14/2024,14,7000,3080
11/15/2024,15,7000,3290
11/16/2024,16,7000,3500
11/17/2024,17,7000,3570
11/18/2024,18,7000,3850
11/19/2024,19,7000,4060
11/20/2024,20,7000,4200
11/21/2024,21,7000,4620
11/22/2024,22,7000,4690
11/23/2024,23,7000,4760
11/24/2024,24,7000,4970
11/25/2024,25,7000,5110
11/26/2024,26,7000,5320
11/27/2024,27,7000,5460
11/28/2024,28,7000,5880
11/29/2024,29,7000,6720
11/30/2024,30,7000,7010
12/1/2024,0,7000,560
12/1/2024,1,7000,700
12/2/2024,2,7000,910
12/3/2024,3,7000,1190
12/4/2024,4,7000,1260
12/5/2024,5,7000,1610
12/6/2024,6,7000,1750
12/7/2024,7,7000,1820
12/8/2024,8,7000,1890
12/9/2024,9,7000,1960
12/10/2024,10,7000,2170
12/11/2024,11,7000,2310
12/12/2024,12,7000,2380
12/13/2024,13,7000,2590
12/14/2024,14,7000,2730
12/15/2024,15,7000,2870
12/16/2024,16,7000,2940
12/17/2024,17,7000,3010
12/18/2024,18,7000,3290
12/19/2024,19,7000,3780
12/20/2024,20,7000,4060
12/21/2024,21,7000,4270
12/22/2024,22,7000,4340
12/23/2024,23,7000,4760
12/24/2024,24,7000,4830
12/25/2024,25,7000,4970
12/26/2024,26,7000,5250
12/27/2024,27,7000,5600
12/28/2024,28,7000,5810
12/29/2024,29,7000,6090
12/30/2024,30,7000,6790
12/31/2024,31,7000,6673
1/1/2025,0,7000,350
1/1/2025,1,7000,420
1/2/2025,2,7000,560
1/3/2025,3,7000,700
1/4/2025,4,7000,770
1/5/2025,5,7000,910
1/6/2025,6,7000,1050
1/7/2025,7,7000,1120
1/8/2025,8,7000,1260
1/9/2025,9,7000,1260
1/10/2025,10,7000,1330
1/11/2025,11,7000,1610
1/12/2025,12,7000,1680
1/13/2025,13,7000,1820
1/14/2025,14,7000,1890
1/15/2025,15,7000,1960
1/16/2025,16,7000,2590
1/17/2025,17,7000,2730
1/18/2025,18,7000,3010
1/19/2025,19,7000,3220
1/20/2025,20,7000,3640
1/21/2025,21,7000,3640
1/22/2025,22,7000,3850
1/23/2025,23,7000,4060
1/24/2025,24,7000,4130
1/25/2025,25,7000,4480
1/26/2025,26,7000,4830
1/27/2025,27,7000,4970
1/28/2025,28,7000,5250
1/29/2025,29,7000,5390
1/30/2025,30,7000,6090
1/31/2025,31,7000,6195
2/1/2025,0,7000,350
2/1/2025,1,7000,560
2/2/2025,2,7000,630
2/3/2025,3,7000,770
2/4/2025,4,7000,770
2/5/2025,5,7000,1050
2/6/2025,6,7000,1190
2/7/2025,7,7000,1400
2/8/2025,8,7000,1470
2/9/2025,9,7000,1470
2/10/2025,10,7000,1540
2/11/2025,11,7000,1750
2/12/2025,12,7000,1820
2/13/2025,13,7000,2310
2/14/2025,14,7000,2380
2/15/2025,15,7000,2450
2/16/2025,16,7000,2520
2/17/2025,17,7000,2870
2/18/2025,18,7000,3290
2/19/2025,19,7000,3570
2/20/2025,20,7000,3710
2/21/2025,21,7000,3850
2/22/2025,22,7000,4130
2/23/2025,23,7000,4200
2/24/2025,24,7000,5390
2/25/2025,25,7000,5740
2/26/2025,26,7000,6020
2/27/2025,27,7000,6580
2/28/2025,28,7000,
3/1/2025,0,7000,490
3/1/2025,1,7000,630
3/2/2025,2,7000,700
3/3/2025,3,7000,840
3/4/2025,4,7000,980
3/5/2025,5,7000,1190
3/6/2025,6,7000,1330
3/7/2025,7,7000,1470
3/8/2025,8,7000,1470
3/9/2025,9,7000,1610
3/10/2025,10,7000,1610
3/11/2025,11,7000,1820
3/12/2025,12,7000,1820
3/13/2025,13,7000,2030
3/14/2025,14,7000,2520
3/15/2025,15,7000,2870
3/16/2025,16,7000,3080
3/17/2025,17,7000,3220
3/18/2025,18,7000,3430
3/19/2025,19,7000,3640
3/20/2025,20,7000,3780
3/21/2025,21,7000,3850
3/22/2025,22,7000,3850
3/23/2025,23,7000,3920
3/24/2025,24,7000,4130
3/25/2025,25,7000,4200
3/26/2025,26,7000,4340
3/27/2025,27,7000,5320
3/28/2025,28,7000,5810
3/29/2025,29,7000,5950
3/30/2025,30,7000,6370
3/31/2025,31,7000,
